<?xml version="1.0" encoding="UTF-8"?>
<project-private xmlns="http://www.netbeans.org/ns/project-private/1">
    <editor-bookmarks xmlns="http://www.netbeans.org/ns/editor-bookmarks/2" lastBookmarkId="0"/>
    <open-files xmlns="http://www.netbeans.org/ns/projectui-open-files/2">
        <group>
            <file>file:/C:/Users/Coc-Dell/Desktop/TrabFinalTecnicas/src/trabfinaltecnicas/ConfiguracaoParquimetro.java</file>
            <file>file:/C:/Users/Coc-Dell/Desktop/TrabFinalTecnicas/src/trabfinaltecnicas/Ticket.java</file>
            <file>file:/C:/Users/Coc-Dell/Desktop/TrabFinalTecnicas/src/trabfinaltecnicas/TrabFinalTecnicas.java</file>
            <file>file:/C:/Users/Coc-Dell/Desktop/TrabFinalTecnicas/src/trabfinaltecnicas/ModuloOperacional.java</file>
            <file>file:/C:/Users/Coc-Dell/Desktop/TrabFinalTecnicas/src/trabfinaltecnicas/Parquimetro.java</file>
        </group>
    </open-files>
</project-private>
